instance,seed,num_machines,n_nodes,n_corridors,lu_min_cut,far_group_cut,funnel_share,corridors_per_node,blocked_on_cut,corridor,n_hits,makespan,n_reservations,n_alive,n_seeds,n_closure,closure_frac,closure_frac_alive
LyuL2_4m,42,4,16,23,2,2,0.0,1.4375,True,g1|g2,12,135.0,120,74,12,62,0.5167,0.8378
LyuL2_4m,7,4,16,23,2,2,0.0,1.4375,True,g1|g2,10,147.0,146,93,10,90,0.6164,0.9677
LyuL2_4m,2024,4,16,23,2,2,0.0,1.4375,True,g1|g2,9,131.0,138,86,9,46,0.3333,0.5349
LyuL2_4m,99,4,16,23,2,2,0.0,1.4375,True,g1|g2,9,146.0,122,65,9,38,0.3115,0.5846
LyuL2_4m,123,4,16,23,2,2,0.0,1.4375,True,g1|g2,8,140.0,130,77,8,62,0.4769,0.8052
LyuL2_4m,13,4,16,23,2,2,0.0,1.4375,True,g1|g2,10,148.0,122,82,10,53,0.4344,0.6463
LyuL2_4m,1,4,16,23,2,2,0.0,1.4375,True,g1|g2,13,158.0,140,87,13,83,0.5929,0.954
LyuL2_4m,777,4,16,23,2,2,0.0,1.4375,True,g1|g2,11,142.0,128,83,11,78,0.6094,0.9398
LyuL2_4m,31415,4,16,23,2,2,0.0,1.4375,True,g1|g2,11,147.0,142,84,11,72,0.507,0.8571
LyuL2_4m,8,4,16,23,2,2,0.0,1.4375,True,g1|g2,9,143.0,133,85,9,82,0.6165,0.9647
LyuL3_5m,42,5,16,23,2,2,0.0,1.4375,True,g1|g2,6,118.0,112,69,6,35,0.3125,0.5072
LyuL3_5m,7,5,16,23,2,2,0.0,1.4375,True,g1|g2,5,134.0,120,71,5,30,0.25,0.4225
LyuL3_5m,2024,5,16,23,2,2,0.0,1.4375,True,g1|g2,6,140.0,116,70,6,31,0.2672,0.4429
LyuL3_5m,99,5,16,23,2,2,0.0,1.4375,True,g1|g2,3,114.0,106,66,3,11,0.1038,0.1667
LyuL3_5m,123,5,16,23,2,2,0.0,1.4375,True,g1|g2,6,123.0,120,71,6,31,0.2583,0.4366
LyuL3_5m,13,5,16,23,2,2,0.0,1.4375,True,g1|g2,6,127.0,96,57,6,43,0.4479,0.7544
LyuL3_5m,1,5,16,23,2,2,0.0,1.4375,True,g1|g2,5,133.0,116,63,5,45,0.3879,0.7143
LyuL3_5m,777,5,16,23,2,2,0.0,1.4375,True,g1|g2,7,120.0,120,76,7,63,0.525,0.8289
LyuL3_5m,31415,5,16,23,2,2,0.0,1.4375,True,g1|g2,7,124.0,124,78,7,60,0.4839,0.7692
LyuL3_5m,8,5,16,23,2,2,0.0,1.4375,True,g1|g2,7,121.0,114,69,7,34,0.2982,0.4928
LyuL4_6m,42,6,25,38,2,2,0.0,1.52,True,g1|g2,12,152.0,148,89,12,82,0.5541,0.9213
LyuL4_6m,7,6,25,38,2,2,0.0,1.52,True,g1|g2,8,149.0,156,97,8,52,0.3333,0.5361
LyuL4_6m,2024,6,25,38,2,2,0.0,1.52,True,g1|g2,10,149.0,168,110,10,93,0.5536,0.8455
LyuL4_6m,99,6,25,38,2,2,0.0,1.52,True,g1|g2,9,155.0,134,71,9,41,0.306,0.5775
LyuL4_6m,123,6,25,38,2,2,0.0,1.52,True,g1|g2,9,153.0,170,105,9,42,0.2471,0.4
LyuL4_6m,13,6,25,38,2,2,0.0,1.52,True,g1|g2,9,154.0,144,87,9,76,0.5278,0.8736
LyuL4_6m,1,6,25,38,2,2,0.0,1.52,True,g1|g2,10,173.0,167,102,10,51,0.3054,0.5
LyuL4_6m,777,6,25,38,2,2,0.0,1.52,True,g1|g2,11,156.0,152,97,11,83,0.5461,0.8557
LyuL4_6m,31415,6,25,38,2,2,0.0,1.52,True,g1|g2,13,151.0,156,100,13,68,0.4359,0.68
LyuL4_6m,8,6,25,38,2,2,0.0,1.52,True,g1|g2,7,148.0,154,93,7,28,0.1818,0.3011
LyuL5_7m,42,7,25,38,2,2,0.0,1.52,True,g1|g2,9,176.0,178,119,9,76,0.427,0.6387
LyuL5_7m,7,7,25,38,2,2,0.0,1.52,True,g1|g2,11,173.0,192,128,11,110,0.5729,0.8594
LyuL5_7m,2024,7,25,38,2,2,0.0,1.52,True,g1|g2,8,169.0,186,125,8,72,0.3871,0.576
LyuL5_7m,99,7,25,38,2,2,0.0,1.52,True,g1|g2,9,169.0,186,115,9,63,0.3387,0.5478
LyuL5_7m,123,7,25,38,2,2,0.0,1.52,True,g1|g2,7,183.0,194,123,7,49,0.2526,0.3984
LyuL5_7m,13,7,25,38,2,2,0.0,1.52,True,g1|g2,9,191.0,170,108,9,71,0.4176,0.6574
LyuL5_7m,1,7,25,38,2,2,0.0,1.52,True,g1|g2,12,179.0,202,128,12,113,0.5594,0.8828
LyuL5_7m,777,7,25,38,2,2,0.0,1.52,True,g1|g2,10,178.0,168,107,10,86,0.5119,0.8037
LyuL5_7m,31415,7,25,38,2,2,0.0,1.52,True,g1|g2,13,178.0,168,111,13,97,0.5774,0.8739
LyuL5_7m,8,7,25,38,2,2,0.0,1.52,True,g1|g2,9,166.0,174,110,9,53,0.3046,0.4818
LyuL6_8m,42,8,25,38,2,2,0.0,1.52,True,g1|g2,8,136.0,144,98,8,73,0.5069,0.7449
LyuL6_8m,7,8,25,38,2,2,0.0,1.52,True,g1|g2,10,158.0,134,78,10,62,0.4627,0.7949
LyuL6_8m,2024,8,25,38,2,2,0.0,1.52,True,g1|g2,10,135.0,130,82,10,67,0.5154,0.8171
LyuL6_8m,99,8,25,38,2,2,0.0,1.52,True,g1|g2,9,141.0,138,86,9,52,0.3768,0.6047
LyuL6_8m,123,8,25,38,2,2,0.0,1.52,True,g1|g2,9,155.0,164,103,9,75,0.4573,0.7282
LyuL6_8m,13,8,25,38,2,2,0.0,1.52,True,g1|g2,9,148.0,140,83,9,64,0.4571,0.7711
LyuL6_8m,1,8,25,38,2,2,0.0,1.52,True,g1|g2,8,141.0,138,88,8,63,0.4565,0.7159
LyuL6_8m,777,8,25,38,2,2,0.0,1.52,True,g1|g2,8,130.0,132,89,8,66,0.5,0.7416
LyuL6_8m,31415,8,25,38,2,2,0.0,1.52,True,g1|g2,8,143.0,134,80,8,61,0.4552,0.7625
LyuL6_8m,8,8,25,38,2,2,0.0,1.52,True,g1|g2,7,143.0,148,88,7,70,0.473,0.7955
self_high_LD21,42,4,10,10,2,1,0.2857,1.0,True,e1|v0,13,109.0,140,90,13,64,0.4571,0.7111
self_high_LD21,7,4,10,10,2,1,0.2857,1.0,True,e1|v0,14,126.0,150,94,14,86,0.5733,0.9149
self_high_LD21,2024,4,10,10,2,1,0.2857,1.0,True,e1|v0,12,120.0,165,111,12,89,0.5394,0.8018
self_high_LD21,99,4,10,10,2,1,0.2857,1.0,True,e1|v0,13,114.0,147,92,13,59,0.4014,0.6413
self_high_LD21,123,4,10,10,2,1,0.2857,1.0,True,e1|v0,12,115.0,147,86,12,47,0.3197,0.5465
self_high_LD21,13,4,10,10,2,1,0.2857,1.0,True,e1|v0,15,107.0,138,96,15,74,0.5362,0.7708
self_high_LD21,1,4,10,10,2,1,0.2857,1.0,True,e1|v0,13,124.0,158,101,13,68,0.4304,0.6733
self_high_LD21,777,4,10,10,2,1,0.2857,1.0,True,e1|v0,11,116.0,154,95,11,87,0.5649,0.9158
self_high_LD21,31415,4,10,10,2,1,0.2857,1.0,True,e1|v0,12,120.0,155,88,12,69,0.4452,0.7841
self_high_LD21,8,4,10,10,2,1,0.2857,1.0,True,e1|v0,15,116.0,151,96,15,91,0.6026,0.9479
self_funnel_LD11,42,4,9,8,1,1,0.2857,0.8889,True,e1|v0,15,110.0,143,94,15,67,0.4685,0.7128
self_funnel_LD11,7,4,9,8,1,1,0.2857,0.8889,True,e1|v0,14,127.0,150,95,14,86,0.5733,0.9053
self_funnel_LD11,2024,4,9,8,1,1,0.2857,0.8889,True,e1|v0,13,121.0,165,111,13,89,0.5394,0.8018
self_funnel_LD11,99,4,9,8,1,1,0.2857,0.8889,True,e1|v0,13,115.0,147,92,13,59,0.4014,0.6413
self_funnel_LD11,123,4,9,8,1,1,0.2857,0.8889,True,e1|v0,12,119.0,146,86,12,38,0.2603,0.4419
self_funnel_LD11,13,4,9,8,1,1,0.2857,0.8889,True,e1|v0,16,107.0,138,96,16,74,0.5362,0.7708
self_funnel_LD11,1,4,9,8,1,1,0.2857,0.8889,True,e1|v0,14,125.0,158,102,14,68,0.4304,0.6667
self_funnel_LD11,777,4,9,8,1,1,0.2857,0.8889,True,e1|v0,14,118.0,154,95,14,87,0.5649,0.9158
self_funnel_LD11,31415,4,9,8,1,1,0.2857,0.8889,True,e1|v0,14,117.0,148,85,14,66,0.4459,0.7765
self_funnel_LD11,8,4,9,8,1,1,0.2857,0.8889,True,e1|v0,14,112.0,142,91,14,73,0.5141,0.8022
self_mid_LD22,42,4,11,12,2,2,0.2857,1.0909,True,e1|v0,13,107.0,148,94,13,64,0.4324,0.6809
self_mid_LD22,7,4,11,12,2,2,0.2857,1.0909,True,e1|v0,12,122.0,156,93,12,36,0.2308,0.3871
self_mid_LD22,2024,4,11,12,2,2,0.2857,1.0909,True,e1|v0,11,105.0,151,96,11,57,0.3775,0.5938
self_mid_LD22,99,4,11,12,2,2,0.2857,1.0909,True,e1|v0,11,106.0,145,86,11,35,0.2414,0.407
self_mid_LD22,123,4,11,12,2,2,0.2857,1.0909,True,e1|v0,11,101.0,144,86,11,38,0.2639,0.4419
self_mid_LD22,13,4,11,12,2,2,0.2857,1.0909,True,e1|v0,13,102.0,134,91,13,74,0.5522,0.8132
self_mid_LD22,1,4,11,12,2,2,0.2857,1.0909,True,e1|v0,16,119.0,158,106,16,84,0.5316,0.7925
self_mid_LD22,777,4,11,12,2,2,0.2857,1.0909,True,e1|v0,14,109.0,146,88,14,80,0.5479,0.9091
self_mid_LD22,31415,4,11,12,2,2,0.2857,1.0909,True,e1|v0,13,103.0,146,85,13,67,0.4589,0.7882
self_mid_LD22,8,4,11,12,2,2,0.2857,1.0909,True,e1|v0,13,105.0,148,91,13,86,0.5811,0.9451
