instance,tag,het,arm,n,mean,sd,median,best,worst,mean_sec,mean_evals,ms_per_eval,stopped_by,lower_bound,gap_upper
S8x4x4-LD21-H0-F0.6-A4-s42,high,0.0,rule,10,187.0,0.0,187.0,187.0,187.0,,,,,44.75,0.7607
S8x4x4-LD21-H0-F0.6-A4-s42,high,0.0,twostage,10,80.5,6.294,80.0,69.0,92.0,40.81,95652,0.427,budget,44.75,0.4441
S8x4x4-LD21-H0-F0.6-A4-s42,high,0.0,nofeedback,10,73.1,2.331,73.0,70.0,77.0,41.08,4104,10.01,budget,44.75,0.3878
S8x4x4-LD21-H0-F0.6-A4-s42,high,0.0,opendispatch,10,75.0,4.989,73.5,69.0,83.0,40.92,11844,3.454,budget,44.75,0.4033
S8x4x4-LD21-H0-F0.6-A4-s42,high,0.0,nostagger,10,75.3,5.143,74.5,70.0,85.0,41.27,2616,15.776,budget,44.75,0.4057
S8x4x4-LD21-H0-F0.6-A4-s42,high,0.0,closed,10,73.9,5.152,73.5,68.0,84.0,41.15,2418,17.018,budget,44.75,0.3945
S8x4x4-LD21-H0-F0.6-A4-s42,high,0.0,priced,10,83.4,3.34,84.0,77.0,89.0,43.31,516,83.926,budget,44.75,0.4634
S8x4x4-LD21-H0.15-F0.6-A4-s42,high,0.15,rule,10,151.0,0.0,151.0,151.0,151.0,,,,,38.75,0.7434
S8x4x4-LD21-H0.15-F0.6-A4-s42,high,0.15,twostage,10,78.2,2.573,78.0,73.0,81.0,42.21,107160,0.394,budget,38.75,0.5045
S8x4x4-LD21-H0.15-F0.6-A4-s42,high,0.15,nofeedback,10,71.3,2.983,72.0,67.0,75.0,42.56,4464,9.534,budget,38.75,0.4565
S8x4x4-LD21-H0.15-F0.6-A4-s42,high,0.15,opendispatch,10,72.6,2.757,72.0,67.0,77.0,42.3,13032,3.246,budget,38.75,0.4663
S8x4x4-LD21-H0.15-F0.6-A4-s42,high,0.15,nostagger,10,72.5,3.375,72.5,67.0,79.0,42.61,2970,14.345,budget,38.75,0.4655
S8x4x4-LD21-H0.15-F0.6-A4-s42,high,0.15,closed,10,72.5,3.44,71.5,68.0,79.0,42.74,2790,15.32,budget,38.75,0.4655
S8x4x4-LD21-H0.15-F0.6-A4-s42,high,0.15,priced,10,81.6,3.134,81.0,78.0,88.0,44.19,582,75.931,budget,38.75,0.5251
S8x4x4-LD21-H0.3-F0.6-A4-s42,high,0.3,rule,10,133.0,0.0,133.0,133.0,133.0,,,,,31.25,0.765
S8x4x4-LD21-H0.3-F0.6-A4-s42,high,0.3,twostage,10,77.4,6.501,79.0,63.0,86.0,46.73,119358,0.391,budget,31.25,0.5963
S8x4x4-LD21-H0.3-F0.6-A4-s42,high,0.3,nofeedback,10,69.8,2.15,69.5,67.0,73.0,47.02,5064,9.285,budget,31.25,0.5523
S8x4x4-LD21-H0.3-F0.6-A4-s42,high,0.3,opendispatch,10,70.6,2.797,70.5,67.0,75.0,46.81,14574,3.212,budget,31.25,0.5574
S8x4x4-LD21-H0.3-F0.6-A4-s42,high,0.3,nostagger,10,69.2,2.53,69.0,66.0,73.0,47.02,3300,14.247,budget,31.25,0.5484
S8x4x4-LD21-H0.3-F0.6-A4-s42,high,0.3,closed,10,70.8,4.367,70.5,66.0,82.0,47.1,2994,15.733,budget,31.25,0.5586
S8x4x4-LD21-H0.3-F0.6-A4-s42,high,0.3,priced,10,76.0,5.142,75.5,66.0,84.0,49.25,618,79.689,budget,31.25,0.5888
S8x4x4-LD21-H0.5-F0.6-A4-s42,high,0.5,rule,10,131.0,0.0,131.0,131.0,131.0,,,,,25.0,0.8092
S8x4x4-LD21-H0.5-F0.6-A4-s42,high,0.5,twostage,10,70.3,4.001,70.0,66.0,79.0,50.34,129732,0.388,budget,25.0,0.6444
S8x4x4-LD21-H0.5-F0.6-A4-s42,high,0.5,nofeedback,10,64.7,2.312,65.0,61.0,69.0,50.52,5424,9.314,budget,25.0,0.6136
S8x4x4-LD21-H0.5-F0.6-A4-s42,high,0.5,opendispatch,10,67.4,3.34,67.5,63.0,72.0,50.42,16290,3.095,budget,25.0,0.6291
S8x4x4-LD21-H0.5-F0.6-A4-s42,high,0.5,nostagger,10,66.5,4.601,65.5,58.0,73.0,50.71,3636,13.946,budget,25.0,0.6241
S8x4x4-LD21-H0.5-F0.6-A4-s42,high,0.5,closed,10,67.9,4.771,66.5,62.0,79.0,50.85,3174,16.022,budget,25.0,0.6318
S8x4x4-LD21-H0.5-F0.6-A4-s42,high,0.5,priced,10,72.9,3.542,72.0,69.0,78.0,53.52,678,78.944,budget,25.0,0.6571
S8x4x4-LD11-H0-F0.6-A4-s42,funnel,0.0,rule,10,188.0,0.0,188.0,188.0,188.0,,,,,44.75,0.762
S8x4x4-LD11-H0-F0.6-A4-s42,funnel,0.0,twostage,10,81.1,6.118,83.0,71.0,87.0,46.61,117582,0.396,budget,44.75,0.4482
S8x4x4-LD11-H0-F0.6-A4-s42,funnel,0.0,nofeedback,10,73.5,1.9,73.0,71.0,78.0,46.82,5526,8.473,budget,44.75,0.3912
S8x4x4-LD11-H0-F0.6-A4-s42,funnel,0.0,opendispatch,10,76.2,3.736,75.5,72.0,83.0,46.71,16026,2.914,budget,44.75,0.4127
S8x4x4-LD11-H0-F0.6-A4-s42,funnel,0.0,nostagger,10,76.3,3.743,76.0,71.0,84.0,46.94,3594,13.061,budget,44.75,0.4135
S8x4x4-LD11-H0-F0.6-A4-s42,funnel,0.0,closed,10,73.4,2.271,73.5,69.0,76.0,47.02,3348,14.044,budget,44.75,0.3903
S8x4x4-LD11-H0-F0.6-A4-s42,funnel,0.0,priced,10,80.0,2.539,80.0,77.0,84.0,48.28,708,68.186,budget,44.75,0.4406
S8x4x4-LD11-H0.15-F0.6-A4-s42,funnel,0.15,rule,10,152.0,0.0,152.0,152.0,152.0,,,,,38.75,0.7451
S8x4x4-LD11-H0.15-F0.6-A4-s42,funnel,0.15,twostage,10,79.5,2.121,79.5,76.0,83.0,30.22,77136,0.392,budget,38.75,0.5126
S8x4x4-LD11-H0.15-F0.6-A4-s42,funnel,0.15,nofeedback,10,72.5,2.991,71.0,69.0,77.0,30.35,3594,8.445,budget,38.75,0.4655
S8x4x4-LD11-H0.15-F0.6-A4-s42,funnel,0.15,opendispatch,10,73.8,1.874,74.0,71.0,76.0,30.29,10116,2.994,budget,38.75,0.4749
S8x4x4-LD11-H0.15-F0.6-A4-s42,funnel,0.15,nostagger,10,71.8,2.098,71.5,69.0,75.0,30.71,2364,12.989,budget,38.75,0.4603
S8x4x4-LD11-H0.15-F0.6-A4-s42,funnel,0.15,closed,10,74.8,5.266,73.0,70.0,87.0,30.53,2082,14.664,budget,38.75,0.482
S8x4x4-LD11-H0.15-F0.6-A4-s42,funnel,0.15,priced,10,83.1,3.985,84.0,76.0,89.0,31.87,474,67.245,budget,38.75,0.5337
S8x4x4-LD11-H0.3-F0.6-A4-s42,funnel,0.3,rule,10,134.0,0.0,134.0,134.0,134.0,,,,,31.25,0.7668
S8x4x4-LD11-H0.3-F0.6-A4-s42,funnel,0.3,twostage,10,79.5,5.276,80.5,67.0,86.0,60.1,147876,0.406,budget,31.25,0.6069
S8x4x4-LD11-H0.3-F0.6-A4-s42,funnel,0.3,nofeedback,10,69.6,2.503,69.0,66.0,76.0,60.26,7146,8.432,budget,31.25,0.551
S8x4x4-LD11-H0.3-F0.6-A4-s42,funnel,0.3,opendispatch,10,69.3,3.335,67.5,66.0,76.0,60.16,19824,3.035,budget,31.25,0.5491
S8x4x4-LD11-H0.3-F0.6-A4-s42,funnel,0.3,nostagger,10,71.5,4.403,71.0,66.0,78.0,60.56,4584,13.211,budget,31.25,0.5629
S8x4x4-LD11-H0.3-F0.6-A4-s42,funnel,0.3,closed,10,71.8,3.765,71.5,66.0,78.0,60.5,4218,14.343,budget,31.25,0.5648
S8x4x4-LD11-H0.3-F0.6-A4-s42,funnel,0.3,priced,10,74.9,4.909,76.0,66.0,80.0,61.78,900,68.643,budget,31.25,0.5828
S8x4x4-LD11-H0.5-F0.6-A4-s42,funnel,0.5,rule,10,133.0,0.0,133.0,133.0,133.0,,,,,25.0,0.812
S8x4x4-LD11-H0.5-F0.6-A4-s42,funnel,0.5,twostage,10,71.9,4.818,71.0,66.0,80.0,41.28,105306,0.392,budget,25.0,0.6523
S8x4x4-LD11-H0.5-F0.6-A4-s42,funnel,0.5,nofeedback,10,66.7,3.164,67.0,63.0,72.0,41.47,4932,8.408,budget,25.0,0.6252
S8x4x4-LD11-H0.5-F0.6-A4-s42,funnel,0.5,opendispatch,10,67.7,3.561,67.0,63.0,75.0,41.36,14286,2.895,budget,25.0,0.6307
S8x4x4-LD11-H0.5-F0.6-A4-s42,funnel,0.5,nostagger,10,68.6,5.19,67.5,63.0,76.0,41.77,3300,12.658,budget,25.0,0.6356
S8x4x4-LD11-H0.5-F0.6-A4-s42,funnel,0.5,closed,10,69.2,4.662,70.0,62.0,76.0,41.71,2952,14.129,budget,25.0,0.6387
S8x4x4-LD11-H0.5-F0.6-A4-s42,funnel,0.5,priced,10,77.7,4.347,77.0,72.0,87.0,42.5,618,68.772,budget,25.0,0.6782
