instance,tag,het,baseline,kind,n_pairs,baseline_mean,closed_mean,rel_gain,gain_sd,n_eff,p_value,method
S8x4x4-LG21-H0-F0.6-A4-s42,low,0.0,twostage,integration,10,84.3,78.0,0.0711,0.065,10,0.01412,normal
S8x4x4-LG21-H0-F0.6-A4-s42,low,0.0,nofeedback,mechanism,10,78.2,78.0,0.00155,0.058,9,0.95268,normal
S8x4x4-LG21-H0-F0.6-A4-s42,low,0.0,opendispatch,mechanism,10,77.0,78.0,-0.01326,0.048,7,0.44524,normal
S8x4x4-LG21-H0-F0.6-A4-s42,low,0.0,opendispatch_nols,mechanism,10,75.4,78.0,-0.03495,0.051,7,0.0754,normal
S8x4x4-LG21-H0-F0.6-A4-s42,low,0.0,nostagger,mechanism,10,78.5,78.0,0.00346,0.083,9,0.5501,normal
S8x4x4-LG21-H0.15-F0.6-A4-s42,low,0.15,twostage,integration,10,81.4,77.4,0.04709,0.048,10,0.01412,normal
S8x4x4-LG21-H0.15-F0.6-A4-s42,low,0.15,nofeedback,mechanism,10,77.6,77.4,0.00148,0.043,8,0.72564,normal
S8x4x4-LG21-H0.15-F0.6-A4-s42,low,0.15,opendispatch,mechanism,10,78.0,77.4,0.00663,0.042,10,0.60819,normal
S8x4x4-LG21-H0.15-F0.6-A4-s42,low,0.15,opendispatch_nols,mechanism,10,76.6,77.4,-0.01172,0.039,9,0.47486,normal
S8x4x4-LG21-H0.15-F0.6-A4-s42,low,0.15,nostagger,mechanism,10,77.0,77.4,-0.00569,0.029,7,0.55198,normal
S8x4x4-LG21-H0.3-F0.6-A4-s42,low,0.3,twostage,integration,10,82.5,77.1,0.06207,0.073,9,0.05693,normal
S8x4x4-LG21-H0.3-F0.6-A4-s42,low,0.3,nofeedback,mechanism,10,76.3,77.1,-0.01089,0.046,8,0.72433,normal
S8x4x4-LG21-H0.3-F0.6-A4-s42,low,0.3,opendispatch,mechanism,10,76.7,77.1,-0.00738,0.069,9,0.81254,normal
S8x4x4-LG21-H0.3-F0.6-A4-s42,low,0.3,opendispatch_nols,mechanism,10,75.0,77.1,-0.03037,0.075,8,0.26203,normal
S8x4x4-LG21-H0.3-F0.6-A4-s42,low,0.3,nostagger,mechanism,10,76.9,77.1,-0.00296,0.046,7,0.93241,normal
S8x4x4-LG21-H0.5-F0.6-A4-s42,low,0.5,twostage,integration,10,83.4,76.6,0.07743,0.075,8,0.01403,normal
S8x4x4-LG21-H0.5-F0.6-A4-s42,low,0.5,nofeedback,mechanism,10,76.0,76.6,-0.00836,0.053,8,1.0,normal
S8x4x4-LG21-H0.5-F0.6-A4-s42,low,0.5,opendispatch,mechanism,10,75.7,76.6,-0.01216,0.048,10,0.67871,normal
S8x4x4-LG21-H0.5-F0.6-A4-s42,low,0.5,opendispatch_nols,mechanism,10,74.3,76.6,-0.03143,0.052,8,0.10603,normal
S8x4x4-LG21-H0.5-F0.6-A4-s42,low,0.5,nostagger,mechanism,10,77.8,76.6,0.01497,0.042,6,0.29318,normal
S8x4x4-LD22-H0-F0.6-A4-s42,mid,0.0,twostage,integration,10,74.1,73.4,0.0067,0.049,9,0.76488,normal
S8x4x4-LD22-H0-F0.6-A4-s42,mid,0.0,nofeedback,mechanism,10,69.9,73.4,-0.05201,0.051,8,0.02055,normal
S8x4x4-LD22-H0-F0.6-A4-s42,mid,0.0,opendispatch,mechanism,10,71.7,73.4,-0.02604,0.053,10,0.23959,normal
S8x4x4-LD22-H0-F0.6-A4-s42,mid,0.0,opendispatch_nols,mechanism,10,71.5,73.4,-0.02747,0.038,9,0.06489,normal
S8x4x4-LD22-H0-F0.6-A4-s42,mid,0.0,nostagger,mechanism,10,72.8,73.4,-0.00881,0.028,8,0.39437,normal
S8x4x4-LD22-H0.15-F0.6-A4-s42,mid,0.15,twostage,integration,10,72.8,69.2,0.04715,0.052,9,0.01966,normal
S8x4x4-LD22-H0.15-F0.6-A4-s42,mid,0.15,nofeedback,mechanism,10,69.8,69.2,0.00848,0.035,8,0.43495,normal
S8x4x4-LD22-H0.15-F0.6-A4-s42,mid,0.15,opendispatch,mechanism,10,69.9,69.2,0.00924,0.045,6,0.59917,normal
S8x4x4-LD22-H0.15-F0.6-A4-s42,mid,0.15,opendispatch_nols,mechanism,10,69.7,69.2,0.00706,0.034,8,0.52555,normal
S8x4x4-LD22-H0.15-F0.6-A4-s42,mid,0.15,nostagger,mechanism,10,69.6,69.2,0.00434,0.056,10,0.53843,normal
S8x4x4-LD22-H0.3-F0.6-A4-s42,mid,0.3,twostage,integration,10,70.9,70.5,0.00284,0.091,9,0.47289,normal
S8x4x4-LD22-H0.3-F0.6-A4-s42,mid,0.3,nofeedback,mechanism,10,69.1,70.5,-0.02127,0.062,10,0.50568,normal
S8x4x4-LD22-H0.3-F0.6-A4-s42,mid,0.3,opendispatch,mechanism,10,68.2,70.5,-0.03407,0.061,9,0.12089,normal
S8x4x4-LD22-H0.3-F0.6-A4-s42,mid,0.3,opendispatch_nols,mechanism,10,67.6,70.5,-0.04493,0.089,9,0.15404,normal
S8x4x4-LD22-H0.3-F0.6-A4-s42,mid,0.3,nostagger,mechanism,10,70.2,70.5,-0.00651,0.079,5,0.78353,normal
S8x4x4-LD22-H0.5-F0.6-A4-s42,mid,0.5,twostage,integration,10,66.5,64.6,0.02726,0.044,8,0.10301,normal
S8x4x4-LD22-H0.5-F0.6-A4-s42,mid,0.5,nofeedback,mechanism,10,65.2,64.6,0.00793,0.049,10,0.95898,normal
S8x4x4-LD22-H0.5-F0.6-A4-s42,mid,0.5,opendispatch,mechanism,10,64.9,64.6,0.00331,0.054,9,1.0,normal
S8x4x4-LD22-H0.5-F0.6-A4-s42,mid,0.5,opendispatch_nols,mechanism,10,63.6,64.6,-0.01742,0.056,10,0.4428,normal
S8x4x4-LD22-H0.5-F0.6-A4-s42,mid,0.5,nostagger,mechanism,10,66.5,64.6,0.02862,0.023,8,0.01356,normal
S8x4x4-LD21-H0-F0.6-A4-s42,high,0.0,twostage,integration,10,80.5,73.9,0.07613,0.103,9,0.05021,normal
S8x4x4-LD21-H0-F0.6-A4-s42,high,0.0,nofeedback,mechanism,10,73.1,73.9,-0.01203,0.079,10,0.72041,normal
S8x4x4-LD21-H0-F0.6-A4-s42,high,0.0,opendispatch,mechanism,10,75.0,73.9,0.00945,0.107,9,1.0,normal
S8x4x4-LD21-H0-F0.6-A4-s42,high,0.0,opendispatch_nols,mechanism,10,71.0,73.9,-0.04235,0.087,10,0.23959,normal
S8x4x4-LD21-H0-F0.6-A4-s42,high,0.0,nostagger,mechanism,10,75.3,73.9,0.01651,0.068,9,0.63379,normal
S8x4x4-LD21-H0.15-F0.6-A4-s42,high,0.15,twostage,integration,10,78.2,72.5,0.07179,0.057,9,0.00903,normal
S8x4x4-LD21-H0.15-F0.6-A4-s42,high,0.15,nofeedback,mechanism,10,71.3,72.5,-0.01875,0.07,9,0.51393,normal
S8x4x4-LD21-H0.15-F0.6-A4-s42,high,0.15,opendispatch,mechanism,10,72.6,72.5,-0.00031,0.068,9,0.9052,normal
S8x4x4-LD21-H0.15-F0.6-A4-s42,high,0.15,opendispatch_nols,mechanism,10,71.8,72.5,-0.01226,0.079,7,0.7995,normal
S8x4x4-LD21-H0.15-F0.6-A4-s42,high,0.15,nostagger,mechanism,10,72.5,72.5,-0.00135,0.057,7,0.55126,normal
S8x4x4-LD21-H0.3-F0.6-A4-s42,high,0.3,twostage,integration,10,77.4,70.8,0.08044,0.083,10,0.01898,normal
S8x4x4-LD21-H0.3-F0.6-A4-s42,high,0.3,nofeedback,mechanism,10,69.8,70.8,-0.01588,0.082,8,1.0,normal
S8x4x4-LD21-H0.3-F0.6-A4-s42,high,0.3,opendispatch,mechanism,10,70.6,70.8,-0.00421,0.072,9,0.95256,normal
S8x4x4-LD21-H0.3-F0.6-A4-s42,high,0.3,opendispatch_nols,mechanism,10,68.7,70.8,-0.03169,0.068,10,0.20174,normal
S8x4x4-LD21-H0.3-F0.6-A4-s42,high,0.3,nostagger,mechanism,10,69.2,70.8,-0.02316,0.05,8,0.28884,normal
S8x4x4-LD21-H0.5-F0.6-A4-s42,high,0.5,twostage,integration,10,70.3,67.9,0.03402,0.041,9,0.04216,normal
S8x4x4-LD21-H0.5-F0.6-A4-s42,high,0.5,nofeedback,mechanism,10,64.7,67.9,-0.04972,0.067,9,0.05693,normal
S8x4x4-LD21-H0.5-F0.6-A4-s42,high,0.5,opendispatch,mechanism,10,67.4,67.9,-0.00955,0.086,10,0.71935,normal
S8x4x4-LD21-H0.5-F0.6-A4-s42,high,0.5,opendispatch_nols,mechanism,10,64.6,67.9,-0.05187,0.067,8,0.05747,normal
S8x4x4-LD21-H0.5-F0.6-A4-s42,high,0.5,nostagger,mechanism,10,66.5,67.9,-0.02309,0.067,9,0.31309,normal
S8x4x4-LD11-H0-F0.6-A4-s42,funnel,0.0,twostage,integration,10,81.1,73.4,0.09091,0.065,9,0.01246,normal
S8x4x4-LD11-H0-F0.6-A4-s42,funnel,0.0,nofeedback,mechanism,10,73.5,73.4,0.00073,0.041,10,0.91834,normal
S8x4x4-LD11-H0-F0.6-A4-s42,funnel,0.0,opendispatch,mechanism,10,76.2,73.4,0.03457,0.058,10,0.13839,normal
S8x4x4-LD11-H0-F0.6-A4-s42,funnel,0.0,opendispatch_nols,mechanism,10,73.2,73.4,-0.00344,0.044,8,0.62192,normal
S8x4x4-LD11-H0-F0.6-A4-s42,funnel,0.0,nostagger,mechanism,10,76.3,73.4,0.03627,0.049,9,0.03765,normal
S8x4x4-LD11-H0.15-F0.6-A4-s42,funnel,0.15,twostage,integration,10,79.5,74.8,0.05886,0.064,9,0.0496,normal
S8x4x4-LD11-H0.15-F0.6-A4-s42,funnel,0.15,nofeedback,mechanism,10,72.5,74.8,-0.03345,0.086,9,0.3424,normal
S8x4x4-LD11-H0.15-F0.6-A4-s42,funnel,0.15,opendispatch,mechanism,10,73.8,74.8,-0.01391,0.072,7,1.0,normal
S8x4x4-LD11-H0.15-F0.6-A4-s42,funnel,0.15,opendispatch_nols,mechanism,10,72.6,74.8,-0.03148,0.073,10,0.26064,normal
S8x4x4-LD11-H0.15-F0.6-A4-s42,funnel,0.15,nostagger,mechanism,10,71.8,74.8,-0.04313,0.088,9,0.20908,normal
S8x4x4-LD11-H0.3-F0.6-A4-s42,funnel,0.3,twostage,integration,10,79.5,71.8,0.0928,0.085,10,0.01883,normal
S8x4x4-LD11-H0.3-F0.6-A4-s42,funnel,0.3,nofeedback,mechanism,10,69.6,71.8,-0.03288,0.068,9,0.23531,normal
S8x4x4-LD11-H0.3-F0.6-A4-s42,funnel,0.3,opendispatch,mechanism,10,69.3,71.8,-0.03876,0.082,9,0.23407,normal
S8x4x4-LD11-H0.3-F0.6-A4-s42,funnel,0.3,opendispatch_nols,mechanism,10,71.8,71.8,-0.00285,0.066,9,1.0,normal
S8x4x4-LD11-H0.3-F0.6-A4-s42,funnel,0.3,nostagger,mechanism,10,71.5,71.8,-0.00566,0.048,7,0.93241,normal
S8x4x4-LD11-H0.5-F0.6-A4-s42,funnel,0.5,twostage,integration,10,71.9,69.2,0.03664,0.045,9,0.04364,normal
S8x4x4-LD11-H0.5-F0.6-A4-s42,funnel,0.5,nofeedback,mechanism,10,66.7,69.2,-0.03985,0.09,8,0.14051,normal
S8x4x4-LD11-H0.5-F0.6-A4-s42,funnel,0.5,opendispatch,mechanism,10,67.7,69.2,-0.02238,0.049,9,0.19017,normal
S8x4x4-LD11-H0.5-F0.6-A4-s42,funnel,0.5,opendispatch_nols,mechanism,10,67.0,69.2,-0.0353,0.083,9,0.25914,normal
S8x4x4-LD11-H0.5-F0.6-A4-s42,funnel,0.5,nostagger,mechanism,10,68.6,69.2,-0.00979,0.035,9,0.33941,normal
