instance,tag,het,protocol,theta,seed,makespan,runtime_sec,evaluations,ls_evaluations,decodes,ms_per_eval,ms_per_decode,generations,stopped_by,price_slots,entry_options,budget_sec,valid
S8x4x4-LD21-H0.3-F0.6-A4-s42,high,0.3,wallclock,0.0,42,71.0,49.53,2820,1980,4800,17.564,10.319,47,budget,0,3,48.85,1
S8x4x4-LD21-H0.3-F0.6-A4-s42,high,0.3,wallclock,0.0,7,69.0,49.18,2940,1919,4859,16.728,10.121,49,budget,0,3,48.85,1
S8x4x4-LD21-H0.3-F0.6-A4-s42,high,0.3,wallclock,0.0,2024,82.0,49.54,2580,1849,4429,19.202,11.185,43,budget,0,3,48.85,1
S8x4x4-LD21-H0.3-F0.6-A4-s42,high,0.3,wallclock,0.0,13,71.0,49.61,3180,2070,5250,15.601,9.45,53,budget,0,3,48.85,1
S8x4x4-LD21-H0.3-F0.6-A4-s42,high,0.3,wallclock,0.0,99,75.0,49.3,3060,2070,5130,16.111,9.61,51,budget,0,3,48.85,1
S8x4x4-LD21-H0.3-F0.6-A4-s42,high,0.3,wallclock,0.0,314,75.0,49.03,3360,1825,5185,14.592,9.456,56,budget,0,3,48.85,1
S8x4x4-LD21-H0.3-F0.6-A4-s42,high,0.3,wallclock,0.0,2718,67.0,49.04,3060,2114,5174,16.026,9.478,51,budget,0,3,48.85,1
S8x4x4-LD21-H0.3-F0.6-A4-s42,high,0.3,wallclock,0.0,1618,72.0,49.5,2820,1795,4615,17.553,10.726,47,budget,0,3,48.85,1
S8x4x4-LD21-H0.3-F0.6-A4-s42,high,0.3,wallclock,0.0,577,68.0,49.3,3060,2077,5137,16.111,9.597,51,budget,0,3,48.85,1
S8x4x4-LD21-H0.3-F0.6-A4-s42,high,0.3,wallclock,0.0,8191,73.0,49.24,3180,1738,4918,15.484,10.012,53,budget,0,3,48.85,1
S8x4x4-LD21-H0.3-F0.6-A4-s42,high,0.3,wallclock,0.05,42,74.0,52.69,660,498,1158,79.833,45.501,11,budget,11,3,48.85,1
S8x4x4-LD21-H0.3-F0.6-A4-s42,high,0.3,wallclock,0.05,7,81.0,50.72,600,448,1048,84.533,48.397,10,budget,12,3,48.85,1
S8x4x4-LD21-H0.3-F0.6-A4-s42,high,0.3,wallclock,0.05,2024,84.0,49.94,600,419,1019,83.233,49.009,10,budget,14,3,48.85,1
S8x4x4-LD21-H0.3-F0.6-A4-s42,high,0.3,wallclock,0.05,13,78.0,50.6,660,446,1106,76.667,45.75,11,budget,7,3,48.85,1
S8x4x4-LD21-H0.3-F0.6-A4-s42,high,0.3,wallclock,0.05,99,78.0,49.07,660,425,1085,74.348,45.226,11,budget,10,3,48.85,1
S8x4x4-LD21-H0.3-F0.6-A4-s42,high,0.3,wallclock,0.05,314,76.0,51.04,600,456,1056,85.067,48.333,10,budget,14,3,48.85,1
S8x4x4-LD21-H0.3-F0.6-A4-s42,high,0.3,wallclock,0.05,2718,73.0,48.95,660,457,1117,74.167,43.823,11,budget,7,3,48.85,1
S8x4x4-LD21-H0.3-F0.6-A4-s42,high,0.3,wallclock,0.05,1618,77.0,51.7,600,490,1090,86.167,47.431,10,budget,13,3,48.85,1
S8x4x4-LD21-H0.3-F0.6-A4-s42,high,0.3,wallclock,0.05,577,71.0,49.9,660,464,1124,75.606,44.395,11,budget,8,3,48.85,1
S8x4x4-LD21-H0.3-F0.6-A4-s42,high,0.3,wallclock,0.05,8191,78.0,51.97,660,498,1158,78.742,44.879,11,budget,5,3,48.85,1
S8x4x4-LD21-H0.3-F0.6-A4-s42,high,0.3,wallclock,0.1,42,74.0,51.55,660,498,1158,78.106,44.516,11,budget,11,3,48.85,1
S8x4x4-LD21-H0.3-F0.6-A4-s42,high,0.3,wallclock,0.1,7,81.0,49.61,600,448,1048,82.683,47.338,10,budget,12,3,48.85,1
S8x4x4-LD21-H0.3-F0.6-A4-s42,high,0.3,wallclock,0.1,2024,84.0,50.03,600,419,1019,83.383,49.097,10,budget,14,3,48.85,1
S8x4x4-LD21-H0.3-F0.6-A4-s42,high,0.3,wallclock,0.1,13,78.0,51.02,660,446,1106,77.303,46.13,11,budget,7,3,48.85,1
S8x4x4-LD21-H0.3-F0.6-A4-s42,high,0.3,wallclock,0.1,99,78.0,51.99,720,455,1175,72.208,44.247,12,budget,10,3,48.85,1
S8x4x4-LD21-H0.3-F0.6-A4-s42,high,0.3,wallclock,0.1,314,76.0,50.86,600,456,1056,84.767,48.163,10,budget,14,3,48.85,1
S8x4x4-LD21-H0.3-F0.6-A4-s42,high,0.3,wallclock,0.1,2718,70.0,53.0,720,496,1216,73.611,43.586,12,budget,7,3,48.85,1
S8x4x4-LD21-H0.3-F0.6-A4-s42,high,0.3,wallclock,0.1,1618,77.0,51.59,600,490,1090,85.983,47.33,10,budget,13,3,48.85,1
S8x4x4-LD21-H0.3-F0.6-A4-s42,high,0.3,wallclock,0.1,577,71.0,49.89,660,464,1124,75.591,44.386,11,budget,8,3,48.85,1
S8x4x4-LD21-H0.3-F0.6-A4-s42,high,0.3,wallclock,0.1,8191,78.0,52.19,660,498,1158,79.076,45.069,11,budget,5,3,48.85,1
S8x4x4-LD21-H0.3-F0.6-A4-s42,high,0.3,wallclock,0.15,42,74.0,51.93,660,498,1158,78.682,44.845,11,budget,11,3,48.85,1
S8x4x4-LD21-H0.3-F0.6-A4-s42,high,0.3,wallclock,0.15,7,81.0,49.84,600,448,1048,83.067,47.557,10,budget,12,3,48.85,1
S8x4x4-LD21-H0.3-F0.6-A4-s42,high,0.3,wallclock,0.15,2024,84.0,49.84,600,419,1019,83.067,48.911,10,budget,14,3,48.85,1
S8x4x4-LD21-H0.3-F0.6-A4-s42,high,0.3,wallclock,0.15,13,78.0,50.6,660,446,1106,76.667,45.75,11,budget,7,3,48.85,1
S8x4x4-LD21-H0.3-F0.6-A4-s42,high,0.3,wallclock,0.15,99,78.0,52.22,720,455,1175,72.528,44.443,12,budget,10,3,48.85,1
S8x4x4-LD21-H0.3-F0.6-A4-s42,high,0.3,wallclock,0.15,314,76.0,50.98,600,456,1056,84.967,48.277,10,budget,14,3,48.85,1
S8x4x4-LD21-H0.3-F0.6-A4-s42,high,0.3,wallclock,0.15,2718,73.0,49.34,660,457,1117,74.758,44.172,11,budget,7,3,48.85,1
S8x4x4-LD21-H0.3-F0.6-A4-s42,high,0.3,wallclock,0.15,1618,77.0,51.74,600,490,1090,86.233,47.468,10,budget,13,3,48.85,1
S8x4x4-LD21-H0.3-F0.6-A4-s42,high,0.3,wallclock,0.15,577,71.0,49.49,660,464,1124,74.985,44.03,11,budget,8,3,48.85,1
S8x4x4-LD21-H0.3-F0.6-A4-s42,high,0.3,wallclock,0.15,8191,79.0,50.41,600,458,1058,84.017,47.647,10,budget,5,3,48.85,1
S8x4x4-LD21-H0.3-F0.6-A4-s42,high,0.3,wallclock,0.3,42,74.0,52.05,660,498,1158,78.864,44.948,11,budget,11,3,48.85,1
S8x4x4-LD21-H0.3-F0.6-A4-s42,high,0.3,wallclock,0.3,7,81.0,49.84,600,448,1048,83.067,47.557,10,budget,12,3,48.85,1
S8x4x4-LD21-H0.3-F0.6-A4-s42,high,0.3,wallclock,0.3,2024,84.0,50.0,600,419,1019,83.333,49.068,10,budget,14,3,48.85,1
S8x4x4-LD21-H0.3-F0.6-A4-s42,high,0.3,wallclock,0.3,13,78.0,51.02,660,446,1106,77.303,46.13,11,budget,7,3,48.85,1
S8x4x4-LD21-H0.3-F0.6-A4-s42,high,0.3,wallclock,0.3,99,78.0,52.09,720,455,1175,72.347,44.332,12,budget,10,3,48.85,1
S8x4x4-LD21-H0.3-F0.6-A4-s42,high,0.3,wallclock,0.3,314,76.0,51.12,600,456,1056,85.2,48.409,10,budget,14,3,48.85,1
S8x4x4-LD21-H0.3-F0.6-A4-s42,high,0.3,wallclock,0.3,2718,73.0,49.03,660,457,1117,74.288,43.894,11,budget,7,3,48.85,1
S8x4x4-LD21-H0.3-F0.6-A4-s42,high,0.3,wallclock,0.3,1618,77.0,51.75,600,490,1090,86.25,47.477,10,budget,13,3,48.85,1
S8x4x4-LD21-H0.3-F0.6-A4-s42,high,0.3,wallclock,0.3,577,71.0,49.85,660,464,1124,75.53,44.351,11,budget,8,3,48.85,1
S8x4x4-LD21-H0.3-F0.6-A4-s42,high,0.3,wallclock,0.3,8191,78.0,52.46,660,498,1158,79.485,45.302,11,budget,5,3,48.85,1
S8x4x4-LD21-H0.3-F0.6-A4-s42,high,0.3,wallclock,0.5,42,74.0,52.88,660,498,1158,80.121,45.665,11,budget,11,3,48.85,1
S8x4x4-LD21-H0.3-F0.6-A4-s42,high,0.3,wallclock,0.5,7,81.0,50.27,600,448,1048,83.783,47.968,10,budget,12,3,48.85,1
S8x4x4-LD21-H0.3-F0.6-A4-s42,high,0.3,wallclock,0.5,2024,84.0,50.32,600,419,1019,83.867,49.382,10,budget,14,3,48.85,1
S8x4x4-LD21-H0.3-F0.6-A4-s42,high,0.3,wallclock,0.5,13,78.0,51.21,660,446,1106,77.591,46.302,11,budget,7,3,48.85,1
S8x4x4-LD21-H0.3-F0.6-A4-s42,high,0.3,wallclock,0.5,99,78.0,52.46,720,455,1175,72.861,44.647,12,budget,10,3,48.85,1
S8x4x4-LD21-H0.3-F0.6-A4-s42,high,0.3,wallclock,0.5,314,76.0,51.26,600,456,1056,85.433,48.542,10,budget,14,3,48.85,1
S8x4x4-LD21-H0.3-F0.6-A4-s42,high,0.3,wallclock,0.5,2718,73.0,49.45,660,457,1117,74.924,44.27,11,budget,7,3,48.85,1
S8x4x4-LD21-H0.3-F0.6-A4-s42,high,0.3,wallclock,0.5,1618,77.0,51.97,600,490,1090,86.617,47.679,10,budget,13,3,48.85,1
S8x4x4-LD21-H0.3-F0.6-A4-s42,high,0.3,wallclock,0.5,577,71.0,49.78,660,464,1124,75.424,44.288,11,budget,8,3,48.85,1
S8x4x4-LD21-H0.3-F0.6-A4-s42,high,0.3,wallclock,0.5,8191,78.0,52.44,660,498,1158,79.455,45.285,11,budget,5,3,48.85,1
S8x4x4-LD11-H0.3-F0.6-A4-s42,funnel,0.3,wallclock,0.0,42,69.0,61.31,4560,3254,7814,13.445,7.846,76,budget,0,3,60.66,1
S8x4x4-LD11-H0.3-F0.6-A4-s42,funnel,0.3,wallclock,0.0,7,70.0,60.82,4500,3192,7692,13.516,7.907,75,budget,0,3,60.66,1
S8x4x4-LD11-H0.3-F0.6-A4-s42,funnel,0.3,wallclock,0.0,2024,73.0,61.28,4260,3041,7301,14.385,8.393,71,budget,0,3,60.66,1
S8x4x4-LD11-H0.3-F0.6-A4-s42,funnel,0.3,wallclock,0.0,13,72.0,61.27,4800,2624,7424,12.765,8.253,80,budget,0,3,60.66,1
S8x4x4-LD11-H0.3-F0.6-A4-s42,funnel,0.3,wallclock,0.0,99,70.0,61.18,4620,3288,7908,13.242,7.736,77,budget,0,3,60.66,1
S8x4x4-LD11-H0.3-F0.6-A4-s42,funnel,0.3,wallclock,0.0,314,72.0,60.87,4260,3023,7283,14.289,8.358,71,budget,0,3,60.66,1
S8x4x4-LD11-H0.3-F0.6-A4-s42,funnel,0.3,wallclock,0.0,2718,68.0,60.73,4740,3238,7978,12.812,7.612,79,budget,0,3,60.66,1
S8x4x4-LD11-H0.3-F0.6-A4-s42,funnel,0.3,wallclock,0.0,1618,70.0,60.8,4200,2951,7151,14.476,8.502,70,budget,0,3,60.66,1
S8x4x4-LD11-H0.3-F0.6-A4-s42,funnel,0.3,wallclock,0.0,577,69.0,61.38,4260,2950,7210,14.408,8.513,71,budget,0,3,60.66,1
S8x4x4-LD11-H0.3-F0.6-A4-s42,funnel,0.3,wallclock,0.0,8191,75.0,60.78,4800,2665,7465,12.662,8.142,80,budget,0,3,60.66,1
S8x4x4-LD11-H0.3-F0.6-A4-s42,funnel,0.3,wallclock,0.05,42,74.0,62.84,960,729,1689,65.458,37.205,16,budget,11,3,60.66,1
S8x4x4-LD11-H0.3-F0.6-A4-s42,funnel,0.3,wallclock,0.05,7,74.0,63.39,960,728,1688,66.031,37.553,16,budget,7,3,60.66,1
S8x4x4-LD11-H0.3-F0.6-A4-s42,funnel,0.3,wallclock,0.05,2024,79.0,63.51,900,673,1573,70.567,40.375,15,budget,12,3,60.66,1
S8x4x4-LD11-H0.3-F0.6-A4-s42,funnel,0.3,wallclock,0.05,13,75.0,63.91,960,695,1655,66.573,38.616,16,budget,9,3,60.66,1
S8x4x4-LD11-H0.3-F0.6-A4-s42,funnel,0.3,wallclock,0.05,99,75.0,61.95,960,667,1627,64.531,38.076,16,budget,9,3,60.66,1
S8x4x4-LD11-H0.3-F0.6-A4-s42,funnel,0.3,wallclock,0.05,314,73.0,60.88,900,669,1569,67.644,38.802,15,budget,13,3,60.66,1
S8x4x4-LD11-H0.3-F0.6-A4-s42,funnel,0.3,wallclock,0.05,2718,79.0,61.68,960,681,1641,64.25,37.587,16,budget,11,3,60.66,1
S8x4x4-LD11-H0.3-F0.6-A4-s42,funnel,0.3,wallclock,0.05,1618,74.0,61.95,960,648,1608,64.531,38.526,16,budget,11,3,60.66,1
S8x4x4-LD11-H0.3-F0.6-A4-s42,funnel,0.3,wallclock,0.05,577,72.0,64.39,960,740,1700,67.073,37.876,16,budget,11,3,60.66,1
S8x4x4-LD11-H0.3-F0.6-A4-s42,funnel,0.3,wallclock,0.05,8191,76.0,61.06,960,660,1620,63.604,37.691,16,budget,12,3,60.66,1
S8x4x4-LD11-H0.3-F0.6-A4-s42,funnel,0.3,wallclock,0.1,42,74.0,62.72,960,729,1689,65.333,37.134,16,budget,11,3,60.66,1
S8x4x4-LD11-H0.3-F0.6-A4-s42,funnel,0.3,wallclock,0.1,7,74.0,63.46,960,728,1688,66.104,37.595,16,budget,7,3,60.66,1
S8x4x4-LD11-H0.3-F0.6-A4-s42,funnel,0.3,wallclock,0.1,2024,79.0,63.36,900,673,1573,70.4,40.28,15,budget,12,3,60.66,1
S8x4x4-LD11-H0.3-F0.6-A4-s42,funnel,0.3,wallclock,0.1,13,75.0,61.75,960,695,1655,64.323,37.311,16,budget,9,3,60.66,1
S8x4x4-LD11-H0.3-F0.6-A4-s42,funnel,0.3,wallclock,0.1,99,75.0,61.99,960,667,1627,64.573,38.101,16,budget,9,3,60.66,1
S8x4x4-LD11-H0.3-F0.6-A4-s42,funnel,0.3,wallclock,0.1,314,73.0,61.79,900,669,1569,68.656,39.382,15,budget,13,3,60.66,1
S8x4x4-LD11-H0.3-F0.6-A4-s42,funnel,0.3,wallclock,0.1,2718,79.0,63.3,960,681,1641,65.938,38.574,16,budget,11,3,60.66,1
S8x4x4-LD11-H0.3-F0.6-A4-s42,funnel,0.3,wallclock,0.1,1618,74.0,62.06,960,648,1608,64.646,38.595,16,budget,11,3,60.66,1
S8x4x4-LD11-H0.3-F0.6-A4-s42,funnel,0.3,wallclock,0.1,577,72.0,61.16,900,698,1598,67.956,38.273,15,budget,11,3,60.66,1
S8x4x4-LD11-H0.3-F0.6-A4-s42,funnel,0.3,wallclock,0.1,8191,76.0,60.85,960,660,1620,63.385,37.562,16,budget,12,3,60.66,1
S8x4x4-LD11-H0.3-F0.6-A4-s42,funnel,0.3,wallclock,0.15,42,74.0,62.75,960,729,1689,65.365,37.152,16,budget,11,3,60.66,1
S8x4x4-LD11-H0.3-F0.6-A4-s42,funnel,0.3,wallclock,0.15,7,74.0,63.72,960,728,1688,66.375,37.749,16,budget,7,3,60.66,1
S8x4x4-LD11-H0.3-F0.6-A4-s42,funnel,0.3,wallclock,0.15,2024,79.0,63.63,900,673,1573,70.7,40.451,15,budget,12,3,60.66,1
S8x4x4-LD11-H0.3-F0.6-A4-s42,funnel,0.3,wallclock,0.15,13,75.0,61.54,960,677,1637,64.104,37.593,16,budget,9,3,60.66,1
S8x4x4-LD11-H0.3-F0.6-A4-s42,funnel,0.3,wallclock,0.15,99,75.0,62.55,960,667,1627,65.156,38.445,16,budget,9,3,60.66,1
S8x4x4-LD11-H0.3-F0.6-A4-s42,funnel,0.3,wallclock,0.15,314,73.0,60.7,900,669,1569,67.444,38.687,15,budget,13,3,60.66,1
S8x4x4-LD11-H0.3-F0.6-A4-s42,funnel,0.3,wallclock,0.15,2718,79.0,61.8,960,681,1641,64.375,37.66,16,budget,11,3,60.66,1
S8x4x4-LD11-H0.3-F0.6-A4-s42,funnel,0.3,wallclock,0.15,1618,74.0,62.56,960,648,1608,65.167,38.905,16,budget,11,3,60.66,1
S8x4x4-LD11-H0.3-F0.6-A4-s42,funnel,0.3,wallclock,0.15,577,72.0,64.16,960,740,1700,66.833,37.741,16,budget,11,3,60.66,1
S8x4x4-LD11-H0.3-F0.6-A4-s42,funnel,0.3,wallclock,0.15,8191,76.0,60.81,960,660,1620,63.344,37.537,16,budget,12,3,60.66,1
S8x4x4-LD11-H0.3-F0.6-A4-s42,funnel,0.3,wallclock,0.3,42,74.0,63.02,960,729,1689,65.646,37.312,16,budget,11,3,60.66,1
S8x4x4-LD11-H0.3-F0.6-A4-s42,funnel,0.3,wallclock,0.3,7,74.0,63.67,960,728,1688,66.323,37.719,16,budget,7,3,60.66,1
S8x4x4-LD11-H0.3-F0.6-A4-s42,funnel,0.3,wallclock,0.3,2024,79.0,63.59,900,673,1573,70.656,40.426,15,budget,12,3,60.66,1
S8x4x4-LD11-H0.3-F0.6-A4-s42,funnel,0.3,wallclock,0.3,13,75.0,61.9,960,677,1637,64.479,37.813,16,budget,9,3,60.66,1
S8x4x4-LD11-H0.3-F0.6-A4-s42,funnel,0.3,wallclock,0.3,99,75.0,62.38,960,667,1627,64.979,38.341,16,budget,9,3,60.66,1
S8x4x4-LD11-H0.3-F0.6-A4-s42,funnel,0.3,wallclock,0.3,314,73.0,62.14,900,669,1569,69.044,39.605,15,budget,13,3,60.66,1
S8x4x4-LD11-H0.3-F0.6-A4-s42,funnel,0.3,wallclock,0.3,2718,79.0,62.98,960,681,1641,65.604,38.379,16,budget,11,3,60.66,1
S8x4x4-LD11-H0.3-F0.6-A4-s42,funnel,0.3,wallclock,0.3,1618,74.0,62.15,960,648,1608,64.74,38.65,16,budget,11,3,60.66,1
S8x4x4-LD11-H0.3-F0.6-A4-s42,funnel,0.3,wallclock,0.3,577,72.0,60.68,900,698,1598,67.422,37.972,15,budget,11,3,60.66,1
S8x4x4-LD11-H0.3-F0.6-A4-s42,funnel,0.3,wallclock,0.3,8191,76.0,60.86,960,660,1620,63.396,37.568,16,budget,12,3,60.66,1
S8x4x4-LD11-H0.3-F0.6-A4-s42,funnel,0.3,wallclock,0.5,42,74.0,62.87,960,729,1689,65.49,37.223,16,budget,11,3,60.66,1
S8x4x4-LD11-H0.3-F0.6-A4-s42,funnel,0.3,wallclock,0.5,7,74.0,63.87,960,728,1688,66.531,37.838,16,budget,7,3,60.66,1
S8x4x4-LD11-H0.3-F0.6-A4-s42,funnel,0.3,wallclock,0.5,2024,79.0,63.74,900,673,1573,70.822,40.521,15,budget,12,3,60.66,1
S8x4x4-LD11-H0.3-F0.6-A4-s42,funnel,0.3,wallclock,0.5,13,75.0,61.79,960,677,1637,64.365,37.746,16,budget,9,3,60.66,1
S8x4x4-LD11-H0.3-F0.6-A4-s42,funnel,0.3,wallclock,0.5,99,85.0,62.44,960,665,1625,65.042,38.425,16,budget,14,3,60.66,1
S8x4x4-LD11-H0.3-F0.6-A4-s42,funnel,0.3,wallclock,0.5,314,73.0,61.81,900,669,1569,68.678,39.395,15,budget,13,3,60.66,1
S8x4x4-LD11-H0.3-F0.6-A4-s42,funnel,0.3,wallclock,0.5,2718,79.0,62.06,960,681,1641,64.646,37.818,16,budget,11,3,60.66,1
S8x4x4-LD11-H0.3-F0.6-A4-s42,funnel,0.3,wallclock,0.5,1618,75.0,62.56,960,648,1608,65.167,38.905,16,budget,9,3,60.66,1
S8x4x4-LD11-H0.3-F0.6-A4-s42,funnel,0.3,wallclock,0.5,577,72.0,64.28,960,740,1700,66.958,37.812,16,budget,11,3,60.66,1
S8x4x4-LD11-H0.3-F0.6-A4-s42,funnel,0.3,wallclock,0.5,8191,76.0,61.02,960,660,1620,63.562,37.667,16,budget,12,3,60.66,1
