instance,seed,arm,budget,pop,max_gen,stall_gen,makespan,runtime_sec,generations,evaluations,stopped_by,valid,lower_bound
mfjs01-ideal,1,ideal,p100g200s30,100,200,30,485.0,0.754,35,3500,stall,True,407.0
mfjs01-ideal,2,ideal,p100g200s30,100,200,30,485.0,0.787,39,3900,stall,True,407.0
mfjs01-ideal,3,ideal,p100g200s30,100,200,30,485.0,0.949,47,4700,stall,True,407.0
mfjs01-ideal,4,ideal,p100g200s30,100,200,30,485.0,0.953,48,4800,stall,True,407.0
mfjs01-ideal,5,ideal,p100g200s30,100,200,30,485.0,0.792,39,3900,stall,True,407.0
mfjs01-ideal,6,ideal,p100g200s30,100,200,30,485.0,1.167,56,5600,stall,True,407.0
mfjs01-ideal,7,ideal,p100g200s30,100,200,30,485.0,0.797,39,3900,stall,True,407.0
mfjs01-ideal,8,ideal,p100g200s30,100,200,30,485.0,0.941,43,4300,stall,True,407.0
mfjs01-ideal,9,ideal,p100g200s30,100,200,30,485.0,0.807,39,3900,stall,True,407.0
mfjs01-ideal,10,ideal,p100g200s30,100,200,30,485.0,0.917,45,4500,stall,True,407.0
mfjs02-ideal,1,ideal,p100g200s30,100,200,30,479.0,0.835,40,4000,stall,True,402.0
mfjs02-ideal,2,ideal,p100g200s30,100,200,30,491.0,0.743,33,3300,stall,True,402.0
mfjs02-ideal,3,ideal,p100g200s30,100,200,30,476.0,0.874,38,3800,stall,True,402.0
mfjs02-ideal,4,ideal,p100g200s30,100,200,30,482.0,1.025,47,4700,stall,True,402.0
mfjs02-ideal,5,ideal,p100g200s30,100,200,30,476.0,0.882,42,4200,stall,True,402.0
mfjs02-ideal,6,ideal,p100g200s30,100,200,30,492.0,1.075,52,5200,stall,True,402.0
mfjs02-ideal,7,ideal,p100g200s30,100,200,30,481.0,1.086,47,4700,stall,True,402.0
mfjs02-ideal,8,ideal,p100g200s30,100,200,30,481.0,0.757,36,3600,stall,True,402.0
mfjs02-ideal,9,ideal,p100g200s30,100,200,30,492.0,0.704,35,3500,stall,True,402.0
mfjs02-ideal,10,ideal,p100g200s30,100,200,30,484.0,1.043,48,4800,stall,True,402.0
mfjs03-ideal,1,ideal,p100g200s30,100,200,30,482.0,2.303,90,9000,stall,True,402.0
mfjs03-ideal,2,ideal,p100g200s30,100,200,30,540.0,1.353,53,5300,stall,True,402.0
mfjs03-ideal,3,ideal,p100g200s30,100,200,30,482.0,1.3,52,5200,stall,True,402.0
mfjs03-ideal,4,ideal,p100g200s30,100,200,30,528.0,1.295,48,4800,stall,True,402.0
mfjs03-ideal,5,ideal,p100g200s30,100,200,30,492.0,1.896,68,6800,stall,True,402.0
mfjs03-ideal,6,ideal,p100g200s30,100,200,30,492.0,2.476,88,8800,stall,True,402.0
mfjs03-ideal,7,ideal,p100g200s30,100,200,30,549.0,1.502,56,5600,stall,True,402.0
mfjs03-ideal,8,ideal,p100g200s30,100,200,30,509.0,1.466,54,5400,stall,True,402.0
mfjs03-ideal,9,ideal,p100g200s30,100,200,30,482.0,1.424,53,5300,stall,True,402.0
mfjs03-ideal,10,ideal,p100g200s30,100,200,30,491.0,1.356,50,5000,stall,True,402.0
mfjs04-ideal,1,ideal,p100g200s30,100,200,30,659.0,1.219,40,4000,stall,True,502.0
mfjs04-ideal,2,ideal,p100g200s30,100,200,30,589.0,2.116,68,6800,stall,True,502.0
mfjs04-ideal,3,ideal,p100g200s30,100,200,30,655.0,1.404,44,4400,stall,True,502.0
mfjs04-ideal,4,ideal,p100g200s30,100,200,30,614.0,1.452,48,4800,stall,True,502.0
mfjs04-ideal,5,ideal,p100g200s30,100,200,30,605.0,2.317,72,7200,stall,True,502.0
mfjs04-ideal,6,ideal,p100g200s30,100,200,30,642.0,1.19,40,4000,stall,True,502.0
mfjs04-ideal,7,ideal,p100g200s30,100,200,30,586.0,1.893,56,5600,stall,True,502.0
mfjs04-ideal,8,ideal,p100g200s30,100,200,30,643.0,1.308,41,4100,stall,True,502.0
mfjs04-ideal,9,ideal,p100g200s30,100,200,30,607.0,1.258,42,4200,stall,True,502.0
mfjs04-ideal,10,ideal,p100g200s30,100,200,30,630.0,1.919,65,6500,stall,True,502.0
mfjs05-ideal,1,ideal,p100g200s30,100,200,30,587.0,2.141,66,6600,stall,True,420.0
mfjs05-ideal,2,ideal,p100g200s30,100,200,30,561.0,1.795,56,5600,stall,True,420.0
mfjs05-ideal,3,ideal,p100g200s30,100,200,30,571.0,1.881,61,6100,stall,True,420.0
mfjs05-ideal,4,ideal,p100g200s30,100,200,30,621.0,1.208,39,3900,stall,True,420.0
mfjs05-ideal,5,ideal,p100g200s30,100,200,30,644.0,1.103,35,3500,stall,True,420.0
mfjs05-ideal,6,ideal,p100g200s30,100,200,30,597.0,1.274,39,3900,stall,True,420.0
mfjs05-ideal,7,ideal,p100g200s30,100,200,30,584.0,1.797,55,5500,stall,True,420.0
mfjs05-ideal,8,ideal,p100g200s30,100,200,30,590.0,1.317,41,4100,stall,True,420.0
mfjs05-ideal,9,ideal,p100g200s30,100,200,30,587.0,2.055,66,6600,stall,True,420.0
mfjs05-ideal,10,ideal,p100g200s30,100,200,30,586.0,1.577,50,5000,stall,True,420.0
mfjs06-ideal,1,ideal,p100g200s30,100,200,30,728.0,2.416,63,6300,stall,True,622.0
mfjs06-ideal,2,ideal,p100g200s30,100,200,30,716.0,1.744,50,5000,stall,True,622.0
mfjs06-ideal,3,ideal,p100g200s30,100,200,30,745.0,1.482,42,4200,stall,True,622.0
mfjs06-ideal,4,ideal,p100g200s30,100,200,30,690.0,2.378,65,6500,stall,True,622.0
mfjs06-ideal,5,ideal,p100g200s30,100,200,30,677.0,3.724,101,10100,stall,True,622.0
mfjs06-ideal,6,ideal,p100g200s30,100,200,30,745.0,1.222,34,3400,stall,True,622.0
mfjs06-ideal,7,ideal,p100g200s30,100,200,30,774.0,1.656,48,4800,stall,True,622.0
mfjs06-ideal,8,ideal,p100g200s30,100,200,30,745.0,1.445,43,4300,stall,True,622.0
mfjs06-ideal,9,ideal,p100g200s30,100,200,30,745.0,1.463,40,4000,stall,True,622.0
mfjs06-ideal,10,ideal,p100g200s30,100,200,30,718.0,1.895,53,5300,stall,True,622.0
mfjs07-ideal,1,ideal,p100g200s30,100,200,30,1070.0,2.354,51,5100,stall,True,772.0
mfjs07-ideal,2,ideal,p100g200s30,100,200,30,981.0,3.374,70,7000,stall,True,772.0
mfjs07-ideal,3,ideal,p100g200s30,100,200,30,1049.0,3.038,63,6300,stall,True,772.0
mfjs07-ideal,4,ideal,p100g200s30,100,200,30,1004.0,4.438,93,9300,stall,True,772.0
mfjs07-ideal,5,ideal,p100g200s30,100,200,30,1018.0,4.956,101,10100,stall,True,772.0
mfjs07-ideal,6,ideal,p100g200s30,100,200,30,1036.0,2.659,57,5700,stall,True,772.0
mfjs07-ideal,7,ideal,p100g200s30,100,200,30,1014.0,3.971,86,8600,stall,True,772.0
mfjs07-ideal,8,ideal,p100g200s30,100,200,30,1045.0,2.476,52,5200,stall,True,772.0
mfjs07-ideal,9,ideal,p100g200s30,100,200,30,965.0,4.574,98,9800,stall,True,772.0
mfjs07-ideal,10,ideal,p100g200s30,100,200,30,1051.0,4.35,96,9600,stall,True,772.0
mfjs08-ideal,1,ideal,p100g200s30,100,200,30,1059.0,7.213,132,13200,stall,True,770.0
mfjs08-ideal,2,ideal,p100g200s30,100,200,30,1010.0,5.551,99,9900,stall,True,770.0
mfjs08-ideal,3,ideal,p100g200s30,100,200,30,1029.0,5.427,106,10600,stall,True,770.0
mfjs08-ideal,4,ideal,p100g200s30,100,200,30,978.0,5.867,113,11300,stall,True,770.0
mfjs08-ideal,5,ideal,p100g200s30,100,200,30,1136.0,1.841,35,3500,stall,True,770.0
mfjs08-ideal,6,ideal,p100g200s30,100,200,30,970.0,6.117,114,11400,stall,True,770.0
mfjs08-ideal,7,ideal,p100g200s30,100,200,30,995.0,6.269,118,11800,stall,True,770.0
mfjs08-ideal,8,ideal,p100g200s30,100,200,30,1055.0,3.996,71,7100,stall,True,770.0
mfjs08-ideal,9,ideal,p100g200s30,100,200,30,997.0,4.431,79,7900,stall,True,770.0
mfjs08-ideal,10,ideal,p100g200s30,100,200,30,1041.0,5.511,101,10100,stall,True,770.0
mfjs09-ideal,1,ideal,p100g200s30,100,200,30,1279.0,4.307,59,5900,stall,True,770.0
mfjs09-ideal,2,ideal,p100g200s30,100,200,30,1262.0,7.457,107,10700,stall,True,770.0
mfjs09-ideal,3,ideal,p100g200s30,100,200,30,1226.0,5.452,79,7900,stall,True,770.0
mfjs09-ideal,4,ideal,p100g200s30,100,200,30,1240.0,8.443,128,12800,stall,True,770.0
mfjs09-ideal,5,ideal,p100g200s30,100,200,30,1277.0,5.904,89,8900,stall,True,770.0
mfjs09-ideal,6,ideal,p100g200s30,100,200,30,1285.0,8.768,137,13700,stall,True,770.0
mfjs09-ideal,7,ideal,p100g200s30,100,200,30,1331.0,5.138,74,7400,stall,True,770.0
mfjs09-ideal,8,ideal,p100g200s30,100,200,30,1297.0,9.406,142,14200,stall,True,770.0
mfjs09-ideal,9,ideal,p100g200s30,100,200,30,1297.0,6.941,100,10000,stall,True,770.0
mfjs09-ideal,10,ideal,p100g200s30,100,200,30,1298.0,7.124,106,10600,stall,True,770.0
mfjs10-ideal,1,ideal,p100g200s30,100,200,30,1446.0,9.139,119,11900,stall,True,950.0
mfjs10-ideal,2,ideal,p100g200s30,100,200,30,1427.0,8.004,107,10700,stall,True,950.0
mfjs10-ideal,3,ideal,p100g200s30,100,200,30,1561.0,5.195,72,7200,stall,True,950.0
mfjs10-ideal,4,ideal,p100g200s30,100,200,30,1389.0,8.051,111,11100,stall,True,950.0
mfjs10-ideal,5,ideal,p100g200s30,100,200,30,1539.0,4.516,62,6200,stall,True,950.0
mfjs10-ideal,6,ideal,p100g200s30,100,200,30,1403.0,8.514,116,11600,stall,True,950.0
mfjs10-ideal,7,ideal,p100g200s30,100,200,30,1500.0,5.939,84,8400,stall,True,950.0
mfjs10-ideal,8,ideal,p100g200s30,100,200,30,1493.0,5.534,74,7400,stall,True,950.0
mfjs10-ideal,9,ideal,p100g200s30,100,200,30,1471.0,10.605,151,15100,stall,True,950.0
mfjs10-ideal,10,ideal,p100g200s30,100,200,30,1501.0,6.703,95,9500,stall,True,950.0
sfjs01-ideal,1,ideal,p100g200s30,100,200,30,70.0,0.163,30,3000,stall,True,68.0
sfjs01-ideal,2,ideal,p100g200s30,100,200,30,70.0,0.155,30,3000,stall,True,68.0
sfjs01-ideal,3,ideal,p100g200s30,100,200,30,70.0,0.155,30,3000,stall,True,68.0
sfjs01-ideal,4,ideal,p100g200s30,100,200,30,70.0,0.16,30,3000,stall,True,68.0
sfjs01-ideal,5,ideal,p100g200s30,100,200,30,70.0,0.159,30,3000,stall,True,68.0
sfjs01-ideal,6,ideal,p100g200s30,100,200,30,70.0,0.16,30,3000,stall,True,68.0
sfjs01-ideal,7,ideal,p100g200s30,100,200,30,70.0,0.159,30,3000,stall,True,68.0
sfjs01-ideal,8,ideal,p100g200s30,100,200,30,70.0,0.158,30,3000,stall,True,68.0
sfjs01-ideal,9,ideal,p100g200s30,100,200,30,70.0,0.157,30,3000,stall,True,68.0
sfjs01-ideal,10,ideal,p100g200s30,100,200,30,70.0,0.165,30,3000,stall,True,68.0
sfjs02-ideal,1,ideal,p100g200s30,100,200,30,111.0,0.165,30,3000,stall,True,111.0
sfjs02-ideal,2,ideal,p100g200s30,100,200,30,111.0,0.161,30,3000,stall,True,111.0
sfjs02-ideal,3,ideal,p100g200s30,100,200,30,111.0,0.156,30,3000,stall,True,111.0
sfjs02-ideal,4,ideal,p100g200s30,100,200,30,111.0,0.152,30,3000,stall,True,111.0
sfjs02-ideal,5,ideal,p100g200s30,100,200,30,111.0,0.148,30,3000,stall,True,111.0
sfjs02-ideal,6,ideal,p100g200s30,100,200,30,111.0,0.148,30,3000,stall,True,111.0
sfjs02-ideal,7,ideal,p100g200s30,100,200,30,111.0,0.145,30,3000,stall,True,111.0
sfjs02-ideal,8,ideal,p100g200s30,100,200,30,111.0,0.145,30,3000,stall,True,111.0
sfjs02-ideal,9,ideal,p100g200s30,100,200,30,111.0,0.144,30,3000,stall,True,111.0
sfjs02-ideal,10,ideal,p100g200s30,100,200,30,111.0,0.145,30,3000,stall,True,111.0
sfjs03-ideal,1,ideal,p100g200s30,100,200,30,223.0,0.226,30,3000,stall,True,212.0
sfjs03-ideal,2,ideal,p100g200s30,100,200,30,223.0,0.228,30,3000,stall,True,212.0
sfjs03-ideal,3,ideal,p100g200s30,100,200,30,223.0,0.234,30,3000,stall,True,212.0
sfjs03-ideal,4,ideal,p100g200s30,100,200,30,223.0,0.227,30,3000,stall,True,212.0
sfjs03-ideal,5,ideal,p100g200s30,100,200,30,223.0,0.227,30,3000,stall,True,212.0
sfjs03-ideal,6,ideal,p100g200s30,100,200,30,223.0,0.225,30,3000,stall,True,212.0
sfjs03-ideal,7,ideal,p100g200s30,100,200,30,223.0,0.234,30,3000,stall,True,212.0
sfjs03-ideal,8,ideal,p100g200s30,100,200,30,223.0,0.236,30,3000,stall,True,212.0
sfjs03-ideal,9,ideal,p100g200s30,100,200,30,223.0,0.23,30,3000,stall,True,212.0
sfjs03-ideal,10,ideal,p100g200s30,100,200,30,223.0,0.245,30,3000,stall,True,212.0
sfjs04-ideal,1,ideal,p100g200s30,100,200,30,359.0,0.354,30,3000,stall,True,331.0
sfjs04-ideal,2,ideal,p100g200s30,100,200,30,359.0,0.271,30,3000,stall,True,331.0
sfjs04-ideal,3,ideal,p100g200s30,100,200,30,359.0,0.231,30,3000,stall,True,331.0
sfjs04-ideal,4,ideal,p100g200s30,100,200,30,359.0,0.253,30,3000,stall,True,331.0
sfjs04-ideal,5,ideal,p100g200s30,100,200,30,359.0,0.26,30,3000,stall,True,331.0
sfjs04-ideal,6,ideal,p100g200s30,100,200,30,359.0,0.241,30,3000,stall,True,331.0
sfjs04-ideal,7,ideal,p100g200s30,100,200,30,359.0,0.236,30,3000,stall,True,331.0
sfjs04-ideal,8,ideal,p100g200s30,100,200,30,359.0,0.236,30,3000,stall,True,331.0
sfjs04-ideal,9,ideal,p100g200s30,100,200,30,359.0,0.237,30,3000,stall,True,331.0
sfjs04-ideal,10,ideal,p100g200s30,100,200,30,359.0,0.234,30,3000,stall,True,331.0
sfjs05-ideal,1,ideal,p100g200s30,100,200,30,123.0,0.308,31,3100,stall,True,106.5
sfjs05-ideal,2,ideal,p100g200s30,100,200,30,123.0,0.34,31,3100,stall,True,106.5
sfjs05-ideal,3,ideal,p100g200s30,100,200,30,123.0,0.341,30,3000,stall,True,106.5
sfjs05-ideal,4,ideal,p100g200s30,100,200,30,123.0,0.314,31,3100,stall,True,106.5
sfjs05-ideal,5,ideal,p100g200s30,100,200,30,123.0,0.294,31,3100,stall,True,106.5
sfjs05-ideal,6,ideal,p100g200s30,100,200,30,123.0,0.291,30,3000,stall,True,106.5
sfjs05-ideal,7,ideal,p100g200s30,100,200,30,123.0,0.279,30,3000,stall,True,106.5
sfjs05-ideal,8,ideal,p100g200s30,100,200,30,123.0,0.366,31,3100,stall,True,106.5
sfjs05-ideal,9,ideal,p100g200s30,100,200,30,123.0,0.285,31,3100,stall,True,106.5
sfjs05-ideal,10,ideal,p100g200s30,100,200,30,123.0,0.29,30,3000,stall,True,106.5
sfjs06-ideal,1,ideal,p100g200s30,100,200,30,324.0,0.331,31,3100,stall,True,312.0
sfjs06-ideal,2,ideal,p100g200s30,100,200,30,324.0,0.321,30,3000,stall,True,312.0
sfjs06-ideal,3,ideal,p100g200s30,100,200,30,324.0,0.419,33,3300,stall,True,312.0
sfjs06-ideal,4,ideal,p100g200s30,100,200,30,324.0,0.334,30,3000,stall,True,312.0
sfjs06-ideal,5,ideal,p100g200s30,100,200,30,324.0,0.322,31,3100,stall,True,312.0
sfjs06-ideal,6,ideal,p100g200s30,100,200,30,324.0,0.313,30,3000,stall,True,312.0
sfjs06-ideal,7,ideal,p100g200s30,100,200,30,324.0,0.318,31,3100,stall,True,312.0
sfjs06-ideal,8,ideal,p100g200s30,100,200,30,324.0,0.352,33,3300,stall,True,312.0
sfjs06-ideal,9,ideal,p100g200s30,100,200,30,324.0,0.322,30,3000,stall,True,312.0
sfjs06-ideal,10,ideal,p100g200s30,100,200,30,324.0,0.311,30,3000,stall,True,312.0
sfjs07-ideal,1,ideal,p100g200s30,100,200,30,409.0,0.41,31,3100,stall,True,400.0
sfjs07-ideal,2,ideal,p100g200s30,100,200,30,409.0,0.464,31,3100,stall,True,400.0
sfjs07-ideal,3,ideal,p100g200s30,100,200,30,409.0,0.424,30,3000,stall,True,400.0
sfjs07-ideal,4,ideal,p100g200s30,100,200,30,409.0,0.441,30,3000,stall,True,400.0
sfjs07-ideal,5,ideal,p100g200s30,100,200,30,409.0,0.416,31,3100,stall,True,400.0
sfjs07-ideal,6,ideal,p100g200s30,100,200,30,409.0,0.388,30,3000,stall,True,400.0
sfjs07-ideal,7,ideal,p100g200s30,100,200,30,409.0,0.378,30,3000,stall,True,400.0
sfjs07-ideal,8,ideal,p100g200s30,100,200,30,409.0,0.373,30,3000,stall,True,400.0
sfjs07-ideal,9,ideal,p100g200s30,100,200,30,409.0,0.403,31,3100,stall,True,400.0
sfjs07-ideal,10,ideal,p100g200s30,100,200,30,409.0,0.349,30,3000,stall,True,400.0
sfjs08-ideal,1,ideal,p100g200s30,100,200,30,269.0,0.415,31,3100,stall,True,222.0
sfjs08-ideal,2,ideal,p100g200s30,100,200,30,269.0,0.421,31,3100,stall,True,222.0
sfjs08-ideal,3,ideal,p100g200s30,100,200,30,269.0,0.417,33,3300,stall,True,222.0
sfjs08-ideal,4,ideal,p100g200s30,100,200,30,274.0,0.405,31,3100,stall,True,222.0
sfjs08-ideal,5,ideal,p100g200s30,100,200,30,269.0,0.389,31,3100,stall,True,222.0
sfjs08-ideal,6,ideal,p100g200s30,100,200,30,269.0,0.42,33,3300,stall,True,222.0
sfjs08-ideal,7,ideal,p100g200s30,100,200,30,269.0,0.399,31,3100,stall,True,222.0
sfjs08-ideal,8,ideal,p100g200s30,100,200,30,269.0,0.419,31,3100,stall,True,222.0
sfjs08-ideal,9,ideal,p100g200s30,100,200,30,269.0,0.405,31,3100,stall,True,222.0
sfjs08-ideal,10,ideal,p100g200s30,100,200,30,269.0,0.392,31,3100,stall,True,222.0
sfjs09-ideal,1,ideal,p100g200s30,100,200,30,220.0,0.522,36,3600,stall,True,212.0
sfjs09-ideal,2,ideal,p100g200s30,100,200,30,220.0,0.442,33,3300,stall,True,212.0
sfjs09-ideal,3,ideal,p100g200s30,100,200,30,236.0,0.394,34,3400,stall,True,212.0
sfjs09-ideal,4,ideal,p100g200s30,100,200,30,220.0,0.405,36,3600,stall,True,212.0
sfjs09-ideal,5,ideal,p100g200s30,100,200,30,220.0,0.363,32,3200,stall,True,212.0
sfjs09-ideal,6,ideal,p100g200s30,100,200,30,220.0,0.468,40,4000,stall,True,212.0
sfjs09-ideal,7,ideal,p100g200s30,100,200,30,220.0,0.429,38,3800,stall,True,212.0
sfjs09-ideal,8,ideal,p100g200s30,100,200,30,220.0,0.328,30,3000,stall,True,212.0
sfjs09-ideal,9,ideal,p100g200s30,100,200,30,224.0,0.319,31,3100,stall,True,212.0
sfjs09-ideal,10,ideal,p100g200s30,100,200,30,220.0,0.37,30,3000,stall,True,212.0
sfjs10-ideal,1,ideal,p100g200s30,100,200,30,531.0,0.525,31,3100,stall,True,430.0
sfjs10-ideal,2,ideal,p100g200s30,100,200,30,531.0,0.61,36,3600,stall,True,430.0
sfjs10-ideal,3,ideal,p100g200s30,100,200,30,531.0,0.605,37,3700,stall,True,430.0
sfjs10-ideal,4,ideal,p100g200s30,100,200,30,531.0,0.654,40,4000,stall,True,430.0
sfjs10-ideal,5,ideal,p100g200s30,100,200,30,531.0,0.523,33,3300,stall,True,430.0
sfjs10-ideal,6,ideal,p100g200s30,100,200,30,531.0,0.558,34,3400,stall,True,430.0
sfjs10-ideal,7,ideal,p100g200s30,100,200,30,531.0,0.591,36,3600,stall,True,430.0
sfjs10-ideal,8,ideal,p100g200s30,100,200,30,531.0,0.724,41,4100,stall,True,430.0
sfjs10-ideal,9,ideal,p100g200s30,100,200,30,531.0,0.538,31,3100,stall,True,430.0
sfjs10-ideal,10,ideal,p100g200s30,100,200,30,531.0,0.611,37,3700,stall,True,430.0
